Java开发,上地,3天前发布,第四范式,20k-40k,20k-40k 经验1-3年 / 本科,
Java开发工程师,中关村,2天前发布,拉勾网,15k-30k,15k-30k 经验3-5年 / 本科,
Java开发工程师,小关,2天前发布,百信银行,15k-30k,15k-30k 经验不限 / 本科,
Java研发工程师,酒仙桥,10:29发布,有赞,18k-36k,18k-36k 经验5-10年 / 本科,
java开发工程师,朝阳区,10:25发布,自如网,15k-30k,15k-30k 经验3-5年 / 本科,
java开发工程师,西四,3天前发布,众安保险,15k-30k,15k-30k 经验1-3年 / 本科,
JAVA研发工程师(J10329),西二旗,1天前发布,作业帮,15k-25k,15k-25k 经验1-3年 / 本科,
Java开发工程师,学院路,2天前发布,好未来,20k-40k,20k-40k 经验3-5年 / 本科,
JAVA开发工程师,望京,18:30发布,优锘科技(uinnova),13k-25k,13k-25k 经验1-3年 / 本科,
Java开发工程师,三元桥,15:03发布,银盈通,10k-15k,10k-15k 经验1-3年 / 本科,
Java研发工程师,朝阳区,14:45发布,动动,25k-50k,25k-50k 经验3-5年 / 本科,
Java开发工程师,望京,14:00发布,天猫,20k-40k,20k-40k 经验3-5年 / 本科,
Java开发工程师,红庙,10:50发布,宜信,15k-22k,15k-22k 经验1-3年 / 本科,
Java开发工程师,望京,10:03发布,百得思维,20K-28K,20K-28K 经验5-10年 / 本科,
阅文集团——Java开发工程师（QQ阅读）,亚运村,14:49发布,阅文集团,15k-30k,15k-30k 经验3-5年 / 本科,
